x,y,Ux,Uy,N,Q,M,PUx,PUy,PUtot,pile_number
0.1375,-1.104,-0.313034537174873,-0.146011924174354,-33.3495756569415,4.55394186411201,-7.83041565706141,-6.82849349686876e-05,-3.50798472936731e-06,6.83749830021139e-05,1.0
0.1375,-1.13119744429161,-0.313970409376024,-0.145439614597575,-33.3523218900935,4.51910903782537,-7.70701257461213,-6.81936289765872e-05,-3.50694199369173e-06,6.82837438571111e-05,1.0
0.1375,-1.15839488858323,-0.314969403527708,-0.144869188541238,-33.355070060905,4.46319791509093,-7.58479205043313,-6.8095643655397e-05,-3.50589948538982e-06,6.81858344236137e-05,1.0
0.1375,-1.18559233287484,-0.315989838869792,-0.144301209780525,-33.3578182317164,4.38698550505205,-7.46436526263923,-6.79911754559726e-05,-3.50485674971424e-06,6.80814509299035e-05,1.0
0.1375,-1.21278977716646,-0.317009980142752,-0.143735101166022,-33.3605644648682,4.2912488168521,-7.34633753619149,-6.78804426570423e-05,-3.50381401403865e-06,6.79708114410956e-05,1.0
0.1375,-1.21278977716646,-0.317009980142752,-0.143735101166022,-33.3605666256017,4.29602047221091,-7.34633753619149,-6.78804426570423e-05,-3.50381401403865e-06,6.79708114410956e-05,1.0
0.1375,-1.27360511141677,-0.319264082067597,-0.142486904546505,-33.3667073896116,4.05149786282485,-7.09244052984706,-6.76111885695718e-05,-3.50148252437066e-06,6.770179613318e-05,1.0
0.1375,-1.33442044566708,-0.321449834973767,-0.141247909595055,-33.3728524863598,3.78417500292351,-6.85402545015663,-6.73137401463464e-05,-3.49915103470266e-06,6.74046264766263e-05,1.0
0.1375,-1.3952357799174,-0.323560082112073,-0.140020818600965,-33.3789975831079,3.49591015000137,-6.63248672494351,-6.69901201035827e-05,-3.49681954503467e-06,6.70813233204517e-05,1.0
0.1375,-1.45605111416771,-0.325592166876764,-0.138802784443097,-33.3851383471177,3.18856156155291,-6.42918986510113,-6.6642212914303e-05,-3.49448805536667e-06,6.67337694790605e-05,1.0
0.1375,-1.45605111416771,-0.325592166876764,-0.138802784443097,-33.3851431786648,3.23444287397567,-6.42918986510113,-6.6642212914303e-05,-3.49448805536667e-06,6.67337694790605e-05,1.0
0.1375,-1.59203833562578,-0.329803133271535,-0.136164151768309,-33.3988743444248,2.52758931175151,-6.03976132711475,-6.5785126935225e-05,-3.48927460436244e-06,6.58775983407737e-05,1.0
0.1375,-1.72802555708386,-0.333557634604695,-0.133569220174064,-33.4126151984825,2.03911879029857,-5.73200747099404,-6.48321874905378e-05,-3.48406138073187e-06,6.49257361799845e-05,1.0
0.1375,-1.86401277854193,-0.336845351597908,-0.131030286477931,-33.42635605254,1.78617954574087,-5.47437428954653,-6.37973644188605e-05,-3.47884792972764e-06,6.38921441940327e-05,1.0
0.1375,-2.0,-0.339627819373297,-0.128533547028682,-33.4400872182999,1.78591981420246,-5.23461351898201,-6.26919718342833e-05,-3.4736344787234e-06,6.27881315931789e-05,1.0
0.1375,-2.0,-0.339627819373297,-0.128533547028682,-33.4400930118372,1.81846674299146,-5.23461351898202,-6.26919718342833e-05,-3.4736344787234e-06,6.27881315931789e-05,1.0
0.1375,-2.1,-0.339670806270567,-0.126750921135317,-33.4501904059973,1.86788008960465,-5.05033612478664,-6.18393751210533e-05,-3.46980073118175e-06,6.19366436972206e-05,1.0
0.1375,-2.2,-0.338945701679126,-0.124978497411527,-33.4602949245737,1.91772754047593,-4.86102588742022,-6.09567250648979e-05,-3.4659669836401e-06,6.1055182071379e-05,1.0
0.1375,-2.3,-0.337459219986947,-0.123219206832179,-33.4703994431501,1.96881283620809,-4.66666073685394,-6.00469866185449e-05,-3.46213323609845e-06,6.01467120340938e-05,1.0
0.1375,-2.4,-0.335209295405969,-0.121469856959086,-33.4804968373101,2.02193971740392,-4.4671924547516,-5.91130046814214e-05,-3.4582994885568e-06,5.92140790506642e-05,1.0
0.1375,-2.4,-0.335209295405969,-0.121469856959086,-33.4805024838567,2.02367148018452,-4.4671924547516,-5.91130046814214e-05,-3.4582994885568e-06,5.92140790506642e-05,1.0
0.1375,-2.53,-0.331185987231083,-0.119233982064951,-33.4936290962648,2.1020316266498,-4.19919377595097,-5.78673789277673e-05,-3.45331568496476e-06,5.79703280410748e-05,1.0
0.1375,-2.66,-0.325950745911264,-0.117014209448678,-33.5067649704142,2.19030071600144,-3.92022990797526,-5.65917216590606e-05,-3.44833188137272e-06,5.66966837927994e-05,1.0
0.1375,-2.79,-0.319556816331489,-0.114815073696192,-33.5199008445634,2.28835099427911,-3.629160355185,-5.52914061699994e-05,-3.44334807778068e-06,5.53985220221677e-05,1.0
0.1375,-2.92,-0.312062228348702,-0.112631487507899,-33.5330274569715,2.39605470752249,-3.32484572145966,-5.39710927114356e-05,-3.43836404681497e-06,5.408050661546e-05,1.0
0.1375,-2.92,-0.312062228348702,-0.112631487507899,-33.5330338400241,2.39584319389502,-3.32484572145966,-5.39710927114356e-05,-3.43836404681497e-06,5.408050661546e-05,1.0
0.1375,-3.05,-0.303466812395251,-0.110487706683972,-33.5461604524323,2.51149269449939,-3.00608254170608,-5.26345866092015e-05,-3.43338024322293e-06,5.2746448291957e-05,1.0
0.1375,-3.18,-0.293824188081925,-0.108358718149432,-33.5592963265816,2.63956170705322,-2.6713113214107,-5.12847764184698e-05,-3.42839643963089e-06,5.13992431310006e-05,1.0
0.1375,-3.31,-0.283162624955414,-0.106248673209332,-33.5724322007309,2.77973589438983,-2.31911361613111,-4.99236302857753e-05,-3.42341263603885e-06,5.00408694467569e-05,1.0
0.1375,-3.44,-0.27150788723756,-0.104152890518974,-33.5855588131389,2.93170091934251,-1.94807773159202,-4.85522650706116e-05,-3.41842860507313e-06,4.86724572793989e-05,1.0
0.1375,-3.44,-0.27150788723756,-0.104152890518974,-33.5855651961915,2.93192334690974,-1.94807773159202,-4.85522650706116e-05,-3.41842860507313e-06,4.86724572793989e-05,1.0
0.1375,-3.57,-0.258863292050296,-0.102093576289914,-33.5986918085997,3.09750212496582,-1.55639675596397,-4.71710300189443e-05,-3.41344480148109e-06,4.72943725876652e-05,1.0
0.1375,-3.7,-0.245236089096248,-0.100047797422911,-33.611827682749,3.27518521209414,-1.14218978793487,-4.57788883068133e-05,-3.40846099788905e-06,4.59056011939918e-05,1.0
0.1375,-3.83,-0.230603667818998,-0.0980193368267164,-33.6249635568983,3.46432070701151,-0.704155796987943,-4.43734534201212e-05,-3.40347719429701e-06,4.45037866415855e-05,1.0
0.1375,-3.96,-0.214941344352695,-0.0960039023264876,-33.6380901693063,3.66425670843473,-0.2410117815499,-4.29515494033694e-05,-3.39849339070497e-06,4.30857906214653e-05,1.0
0.1375,-3.96,-0.214941344352695,-0.0960039023264876,-33.6380965523589,3.66169025531841,-0.2410117815499,-4.29515494033694e-05,-3.39849339070497e-06,4.30857906214653e-05,1.0
0.1375,-4.09,-0.198206383039235,-0.094021730165916,-33.6512231647671,3.87177172108247,0.248531508366031,-4.15097711083945e-05,-3.39350935973926e-06,4.16482533036614e-05,1.0
0.1375,-4.22,-0.18034028467467,-0.0920518849944765,-33.6643590389165,4.08158023776361,0.765658561513175,-4.00448698201217e-05,-3.38852555614721e-06,4.01879796003128e-05,1.0
0.1375,-4.35,-0.161266181379381,-0.090097794888306,-33.6774949130658,4.28949504643774,1.30990560826687,-3.85539060516749e-05,-3.38354175255518e-06,3.87020933107326e-05,1.0
0.1375,-4.48,-0.140893309095613,-0.0881555414527504,-33.6906215254738,4.4938953881808,1.88075354399832,-3.70341549569275e-05,-3.37855794896313e-06,3.71879454553249e-05,1.0
0.1375,-4.48,-0.140893309095613,-0.0881555414527504,-33.6906279085265,4.48862546430883,1.88075354399832,-3.70341549569275e-05,-3.37855794896313e-06,3.71879454553249e-05,1.0
0.1375,-4.61,-0.11910563213151,-0.0862434635210328,-33.7037545209347,4.68977984407414,2.47733646334926,-3.54830408468842e-05,-3.37357391799742e-06,3.56430524607791e-05,1.0
0.1375,-4.74,-0.095749796304352,-0.0843425484272898,-33.7168903950841,4.87246177938912,3.09935227245727,-3.38972386089154e-05,-3.36859011440538e-06,3.40642067964104e-05,1.0
0.1375,-4.87,-0.0705610480367238,-0.0824558817064672,-33.7300262692335,5.03018356599104,3.74338827868502,-3.22711748594884e-05,-3.36360631081334e-06,3.24459947331842e-05,1.0
0.1375,-5.0,-0.0435074219185389,-0.0805799046946295,-33.7431528816415,5.15645749961721,4.40578196909659,-3.05961875710636e-05,-3.3586225072213e-06,3.07799778919629e-05,1.0
0.1375,-5.0,-0.0435074219185389,-0.0805799046946295,-33.7431593780209,5.58215074106741,4.40578196909659,-3.05961875710636e-05,-3.3586225072213e-06,3.07799778919629e-05,1.0
0.1375,-5.13461538461539,-0.0385433920015364,-0.078703428807922,-33.7567520240166,4.43462236458604,5.0814895583333,-2.8796779588447e-05,-3.35346157953609e-06,2.89913818096175e-05,1.0
0.1375,-5.26923076923077,-0.0343744178648929,-0.0768653976609557,-33.770354260583,3.20418010737563,5.59546916489245,-2.69035535893636e-05,-3.34830087922455e-06,2.71111105363387e-05,1.0
0.1375,-5.40384615384616,-0.0307192016186974,-0.0750763608887238,-33.7839564971492,1.95215040240315,5.94338465578265,-2.49050008278573e-05,-3.34313995153934e-06,2.51283833736106e-05,1.0
0.1375,-5.53846153846154,-0.0274933943679708,-0.0733240350542773,-33.7975491431447,0.739859682635551,6.12336141014598,-2.28143544518389e-05,-3.33797925122781e-06,2.30572521028801e-05,1.0
0.1375,-5.53846153846154,-0.0274933943679708,-0.0733240350542773,-33.7975557528528,0.830902488894621,6.12336141014599,-2.28143544518389e-05,-3.33797925122781e-06,2.30572521028801e-05,1.0
0.1375,-5.67307692307692,-0.024629685641839,-0.0716649624352876,-33.8111483988498,-0.253087515695416,6.16057673178205,-2.06834392884048e-05,-3.33281855091627e-06,2.09502348504846e-05,1.0
0.1375,-5.80769230769231,-0.0220891465097965,-0.0700403202213075,-33.8247506354188,-1.17877540151024,6.06222237834836,-1.85560147656361e-05,-3.32765762323106e-06,1.88520287831297e-05,1.0
0.1375,-5.94230769230769,-0.0198612219357262,-0.0684595713478466,-33.8383528719876,-1.93836278403811,5.85058999635509,-1.64551711350214e-05,-3.32249692291953e-06,1.67872464354834e-05,1.0
0.1375,-6.07692307692308,-0.0179117574408976,-0.0669117226010441,-33.8519455179845,-2.52405127876725,5.54825408168189,-1.44026198540814e-05,-3.31733599523432e-06,1.47797218095084e-05,1.0
0.1375,-6.07692307692308,-0.0179117574408976,-0.0669117226010441,-33.8519521276964,-2.52845863518325,5.54825408168189,-1.44026198540814e-05,-3.31733599523432e-06,1.47797218095084e-05,1.0
0.1375,-6.21153846153846,-0.0162160125030856,-0.0654474912134651,-33.8655447736946,-2.96164867658639,5.17716615863524,-1.24279122246662e-05,-3.31217529492278e-06,1.2861707019222e-05,1.0
0.1375,-6.34615384615385,-0.0147484968801072,-0.064014149121538,-33.8791470102656,-3.25271946681487,4.75729066011559,-1.05600247479742e-05,-3.30701436723757e-06,1.10657338980722e-05,1.0
0.1375,-6.48076923076923,-0.0134863933954243,-0.0626202025975601,-33.8927492468365,-3.40688420540831,4.30737152069085,-8.82552922121249e-06,-3.30185366692604e-06,9.42296151282963e-06,1.0
0.1375,-6.61538461538462,-0.0124092494330901,-0.0612557975859508,-33.9063418928344,-3.42935609190631,3.84592897606595,-7.24512938177213e-06,-3.2966929666145e-06,7.95990479055769e-06,1.0
0.1375,-6.61538461538462,-0.0124092494330901,-0.0612557975859508,-33.9063485025503,-3.44407852071191,3.84592897606595,-7.24512938177213e-06,-3.2966929666145e-06,7.95990479055769e-06,1.0
0.1375,-6.75,-0.0114977703309736,-0.0599665232122157,-33.9199411485497,-3.37439558535442,3.38621405814024,-5.83094470130163e-06,-3.29153203892929e-06,6.69582700440622e-06,1.0
0.1375,-6.88461538461539,-0.0107295921656706,-0.0587050215894925,-33.9335433851232,-3.23166866835386,2.94076524174528,-4.58947397419252e-06,-3.28637133861775e-06,5.64477704919146e-06,1.0
0.1375,-7.01923076923077,-0.0100864564193725,-0.0574789592170136,-33.9471456216966,-3.0215060805929,2.51897266910834,-3.52226152244839e-06,-3.28121041093254e-06,4.81379974586943e-06,1.0
0.1375,-7.15384615384616,-0.00955138327325846,-0.0562794857865758,-33.9607382676957,-2.74951613295426,2.13000414865618,-2.62565322373121e-06,-3.27604971062101e-06,4.19839928517406e-06,1.0
0.1375,-7.15384615384616,-0.00955138327325846,-0.0562794857865758,-33.9607448774158,-2.76447963641322,2.13000414865619,-2.62565322373121e-06,-3.27604971062101e-06,4.19839928517406e-06,1.0
0.1375,-7.28846153846154,-0.00910607199052662,-0.0551476887860612,-33.9743375234165,-2.47604381749436,1.77733843578577,-1.89118588878046e-06,-3.2708887829358e-06,3.77826646707952e-06,1.0
0.1375,-7.42307692307693,-0.0087345268654797,-0.0540409297301958,-33.9879397599924,-2.18754141504938,1.46340280869536,-1.30710202483897e-06,-3.26572808262426e-06,3.51759798910832e-06,1.0
0.1375,-7.55769230769231,-0.00842508575403833,-0.052966140695434,-34.0015419965683,-1.90018753133173,1.18819735749959,-8.58743987919297e-07,-3.26056738231273e-06,3.37175635113055e-06,1.0
0.1375,-7.69230769230769,-0.00816804363592617,-0.0519153535031843,-34.0151346425688,-1.6151972685948,0.951684998946621,-5.29044143604551e-07,-3.25540645462752e-06,3.2981144447567e-06,1.0
0.1375,-7.69230769230769,-0.00816804363592617,-0.0519153535031843,-34.0151412522927,-1.62141418676011,0.951684998946621,-5.29044143604551e-07,-3.25540645462752e-06,3.2981144447567e-06,1.0
0.1375,-7.82692307692308,-0.00795432604598097,-0.0509257186132488,-34.0287338982946,-1.3513381757056,0.751889746080956,-2.99008064530426e-07,-3.25024575431598e-06,3.26397047874262e-06,1.0
0.1375,-7.96153846153846,-0.00777440952783538,-0.0499587310191477,-34.0423361348728,-1.10476464603288,0.586827738100455,-1.49030185525589e-07,-3.24508482663077e-06,3.24850512208724e-06,1.0
0.1375,-8.09615384615385,-0.00762150104290557,-0.049020683632669,-34.0559383714509,-0.882681473229594,0.453286035506449,-6.0516114785969e-08,-3.23992412631924e-06,3.24048924461327e-06,1.0
0.1375,-8.23076923076923,-0.00749022674546577,-0.0481043809089762,-34.0695310174524,-0.686076532783411,0.34802148765432,-1.66455222938566e-08,-3.23476319863403e-06,3.23480602581507e-06,1.0
0.1375,-8.23076923076923,-0.00749022674546577,-0.0481043809089762,-34.0695376271804,-0.687358216595762,0.34802148765432,-1.66455222938566e-08,-3.23476319863403e-06,3.23480602581507e-06,1.0
0.1375,-8.36538461538462,-0.00737624341571605,-0.0472435467881062,-34.0831302731835,-0.525088160443367,0.266773178585331,-3.22114646067462e-09,-3.22960249832249e-06,3.22960410467838e-06,1.0
0.1375,-8.5,-0.00727615942677031,-0.0464032806203633,-34.0967325097641,-0.392421078982522,0.205322477199073,-8.95542839884911e-09,-3.22444179801096e-06,3.22445423420118e-06,1.0
0.1375,-8.63461538461539,-0.00718737732961283,-0.0455893226278096,-34.1103347463446,-0.288445286254574,0.159810195644361,-2.52538097100796e-08,-3.21928087032575e-06,3.21937992118827e-06,1.0
0.1375,-8.76923076923077,-0.0071079220809785,-0.0447951510207633,-34.1239273923474,-0.212249096300875,0.126419763228122,-4.59052706958119e-08,-3.21412017001421e-06,3.21444797145168e-06,1.0
0.1375,-8.76923076923077,-0.0071079220809785,-0.0447951510207633,-34.1239340020791,-0.209375585743287,0.126419763228122,-4.59052706958119e-08,-3.21412017001421e-06,3.21444797145168e-06,1.0
0.1375,-8.90384615384616,-0.00703627153376979,-0.0440515266418026,-34.1375266480831,-0.153037234752361,0.102196907454396,-6.67742554583128e-08,-3.208959242329e-06,3.20965390971063e-06,1.0
0.1375,-9.03846153846154,-0.00697120807762687,-0.0433266736057866,-34.1511288846656,-0.110598836295607,0.0845892288565859,-8.53381649790208e-08,-3.20379854201747e-06,3.20493489797144e-06,1.0
0.1375,-9.17307692307692,-0.00691184350047944,-0.0426258583251273,-34.1647311212481,-0.0812175630751165,0.0718278346348345,-1.00251682511043e-07,-3.19863761433226e-06,3.20020827254531e-06,1.0
0.1375,-9.30769230769231,-0.00685750160928004,-0.0419431431451999,-34.1783237672519,-0.0640505877929794,0.0621799942094283,-1.11058852780843e-07,-3.19347691402072e-06,3.19540746527955e-06,1.0
0.1375,-9.30769230769231,-0.00685750160928004,-0.0419431431451999,-34.1783303769865,-0.0629608450046675,0.0621799942094282,-1.11058852780843e-07,-3.19347691402072e-06,3.19540746527955e-06,1.0
0.1375,-9.44230769230769,-0.00680761678090163,-0.0413067485156056,-34.1919230229914,-0.0478127452967349,0.0547881121552809,-1.17894991547018e-07,-3.18831621370919e-06,3.19049518219864e-06,1.0
0.1375,-9.57692307692307,-0.00676173686312562,-0.0406875866629248,-34.2055252595754,-0.0380994200824114,0.0490628497928132,-1.21227174076921e-07,-3.18315528602398e-06,3.18546285532841e-06,1.0
0.1375,-9.71153846153846,-0.00671943748697177,-0.040090522559073,-34.2191274961594,-0.0336814965369041,0.0442907190392015,-1.21681907216953e-07,-3.17799458571244e-06,3.18032326554417e-06,1.0
0.1375,-9.84615384615385,-0.00668039632097766,-0.0395101210913583,-34.2327201421639,-0.0344196018354202,0.039764261378017,-1.19950769317256e-07,-3.17283365802723e-06,3.17510025173541e-06,1.0
0.1375,-9.84615384615385,-0.00668039632097766,-0.0395101210913583,-34.2327267519009,-0.033572541970348,0.0397642613780173,-1.19950769317256e-07,-3.17283365802723e-06,3.17510025173541e-06,1.0
0.1375,-9.98076923076923,-0.00664439626727649,-0.0389724501117174,-34.2463193979063,-0.0405426294132563,0.0348343869293814,-1.16692049800804e-07,-3.16767295771569e-06,3.1698216040544e-06,1.0
0.1375,-10.1153846153846,-0.00661112669285517,-0.0384507102446868,-34.2599216344916,-0.0520721523423459,0.0286396580082123,-1.12474502600435e-07,-3.16251203003048e-06,3.16451147158969e-06,1.0
0.1375,-10.25,-0.0065802342890383,-0.0379494318743871,-34.2735238710767,-0.0676210664274665,0.0206314610321009,-1.07759490219905e-07,-3.15735132971895e-06,3.15918969468604e-06,1.0
0.1375,-10.3846153846154,-0.00655132670604236,-0.0374636077426874,-34.2871165170819,-0.0866493273384678,0.0102827437433453,-1.02901132947864e-07,-3.15219062940741e-06,3.15386975116061e-06,1.0
0.1375,-10.3846153846154,-0.00655132670604236,-0.0374636077426874,-34.2871231268203,-0.0877586855590805,0.0102827437433452,-1.02901132947864e-07,-3.15219062940741e-06,3.15386975116061e-06,1.0
0.1375,-10.5192307692308,-0.00652393837193833,-0.0370175113189454,-34.300715772826,-0.107793120165374,-0.00275349822466991,-9.81462378035758e-08,-3.1470297017222e-06,3.14855977035799e-06,1.0
0.1375,-10.6538461538461,-0.00649749294526929,-0.0365862633582337,-34.3143180094117,-0.139222043931027,-0.0192477153455402,-9.36490991421124e-08,-3.14186900141067e-06,3.14326438210269e-06,1.0
0.1375,-10.7884615384615,-0.00647128629624792,-0.0361741219117937,-34.3279202459974,-0.182503716816101,-0.0407765867888828,-8.94933549488997e-08,-3.13670807372546e-06,3.13798448057897e-06,1.0
0.1375,-10.9230769230769,-0.00644443779424024,-0.0357764387681079,-34.3415128920028,-0.23809639878066,-0.0689372390781582,-8.57110507013203e-08,-3.13154737341392e-06,3.13272011774879e-06,1.0
0.1375,-10.9230769230769,-0.00644443779424024,-0.0357764387681079,-34.3415195017417,-0.235803532243677,-0.0689372390781581,-8.57110507013203e-08,-3.13154737341392e-06,3.13272011774879e-06,1.0
0.1375,-11.0576923076923,-0.00641584746280332,-0.035416026571278,-34.3551121477476,-0.306623910742443,-0.105377996833304,-8.23055827936514e-08,-3.12638644572871e-06,3.12746965085118e-06,1.0
0.1375,-11.1923076923077,-0.00638410853405173,-0.0350695843252385,-34.3687143843335,-0.380709350490973,-0.151654802675978,-7.92616674516466e-08,-3.12122574541718e-06,3.12223198461969e-06,1.0
0.1375,-11.3269230769231,-0.00634738490378342,-0.0347411562609675,-34.3823166209194,-0.45610956409725,-0.207959320932826,-7.65477921049751e-08,-3.11606504510564e-06,3.11700512187667e-06,1.0
0.1375,-11.4615384615385,-0.00630349251567176,-0.0344263893395022,-34.3959092669249,-0.530874264169256,-0.274406488951495,-7.41259853498377e-08,-3.11090411742043e-06,3.11178712149264e-06,1.0
0.1375,-11.4615384615385,-0.00630349251567176,-0.0344263893395022,-34.3959158766639,-0.513974616774806,-0.274406488951494,-7.41259853498377e-08,-3.11090411742043e-06,3.11178712149264e-06,1.0
0.1375,-11.5961538461539,-0.00625028161391607,-0.034146948862874,-34.4095085226696,-0.572881578853773,-0.348279781748299,-7.19596684461976e-08,-3.1057434171089e-06,3.10657695330377e-06,1.0
0.1375,-11.7307692307692,-0.00618433969445336,-0.0338807918899361,-34.4231107592554,-0.557873202533255,-0.425387492421479,-7.00353268712206e-08,-3.10058248942369e-06,3.10137336042127e-06,1.0
0.1375,-11.8653846153846,-0.00610110374637328,-0.0336318044057768,-34.436712995841,-0.461010738844851,-0.494840161146327,-6.83739003193295e-08,-3.09542178911215e-06,3.09617684293956e-06,1.0
0.1375,-12.0,-0.00599608448228122,-0.033395868726086,-34.4503056418465,-0.274355438820163,-0.545420143155206,-6.70197906060821e-08,-3.09026086142694e-06,3.09098751922425e-06,1.0
0.1375,-12.0,-0.00599608448228122,-0.033395868726086,-34.4503120155062,-0.250186557042982,-0.545420143155206,-6.70197906060821e-08,-3.09026086142694e-06,3.09098751922425e-06,1.0
0.1375,-12.125,-0.00586555976605631,-0.0331983537584207,-34.4629337582155,-0.102159790967295,-0.568196608267528,-6.60872743196705e-08,-3.0854687338433e-06,3.08617641027722e-06,1.0
0.1375,-12.25,-0.0057118999230214,-0.0330052434984434,-34.4755644064538,0.122621724988853,-0.567780111309085,-6.54986536119395e-08,-3.08067660625966e-06,3.08137281515569e-06,1.0
0.1375,-12.375,-0.0055356586811213,-0.032817840395137,-34.488195054692,0.428062682699219,-0.534175090374247,-6.5265055582131e-08,-3.07588447867602e-06,3.07657680769393e-06,1.0
0.1375,-12.5,-0.00533287147988962,-0.0326347840873,-34.5008167974012,0.818067774037559,-0.45722637765752,-6.5364226031761e-08,-3.07109235109238e-06,3.07178786881237e-06,1.0
0.1375,-12.5,-0.00533287147988962,-0.0326347840873,-34.5008229349694,0.833512758321608,-0.45722637765752,-6.5364226031761e-08,-3.07109235109238e-06,3.07178786881237e-06,1.0
0.1375,-12.625,-0.00455104545324076,-0.0324613432188165,-34.5134446776712,0.895564249726654,-0.348612836099754,-6.5720826114557e-08,-3.06629999613506e-06,3.06700422126919e-06,1.0
0.1375,-12.75,-0.00372594574404984,-0.0322908904921037,-34.5260753258949,0.90569021337258,-0.235519307406068,-6.62139285623198e-08,-3.06150786855142e-06,3.06222381832842e-06,1.0
0.1375,-12.875,-0.00286323926809317,-0.0321243126059575,-34.5387059741185,0.866816861097573,-0.124178494371319,-6.6716715707571e-08,-3.05671574096777e-06,3.0574437429387e-06,1.0
0.1375,-13.0,-0.0019699408225191,-0.0319606873948058,-34.5513277168202,0.781870404739819,-0.0207122029549025,-6.71039472877055e-08,-3.05192361338413e-06,3.05266124581049e-06,1.0
0.1375,-13.0,-0.0019699408225191,-0.0319606873948058,-34.5513325655313,0.623139320233799,-0.0207122029549023,-6.71039472877055e-08,-3.05192361338413e-06,3.05266124581049e-06,1.0
0.1375,-13.0725,-0.00186317745369032,-0.0318865129715481,-34.5586531763238,0.143206505315667,0.00490609406864902,-6.71987123723738e-08,-3.04914419757551e-06,3.04988458872675e-06,1.0
0.1375,-13.145,-0.00175755866528007,-0.0318263895717783,-34.5659789523427,-0.0603076418853654,0.00705394921065738,-6.72447129090869e-08,-3.04636455439322e-06,3.04710663575754e-06,1.0
0.1375,-13.2175,-0.00165207964395033,-0.0317845552215679,-34.5733047283616,-0.0662019462247391,0.000932708475957877,-6.72876510066089e-08,-3.0435851385846e-06,3.04432884619764e-06,1.0
0.1375,-13.29,-0.00154671911296359,-0.0317567254135992,-34.5806253391539,0.0467247674421047,4.20399392381254e-17,-6.73407498652523e-08,-3.04080572277599e-06,3.04155128516019e-06,1.0
1.2375,-1.104,-0.312301223893296,-0.193090508638054,-26.865081190191,3.46132250195033,-7.05089268165735,-6.82849349686876e-05,-2.04685335347676e-07,6.82852417420075e-05,2.0
1.2375,-1.216,-0.315612942091207,-0.189878331614062,-26.8763902716489,3.05464499735462,-6.68538130254621,-6.79006698192097e-05,-2.03121786057636e-07,6.79009736333531e-05,2.0
1.2375,-1.328,-0.318510688810524,-0.186709723329113,-26.8877073324515,2.60226782265159,-6.36855528267415,-6.73987087793648e-05,-2.01558222556741e-07,6.73990101621879e-05,2.0
1.2375,-1.44,-0.321025532156918,-0.183597105546508,-26.8990243932541,2.13222803429521,-6.10299764488759,-6.67939748382196e-05,-1.99994673266701e-07,6.67942742498041e-05,2.0
1.2375,-1.552,-0.323185474951562,-0.18052680208116,-26.9103334747118,1.67256268873943,-5.89035122911825,-6.6100612457376e-05,-1.98431109765806e-07,6.61009102974046e-05,2.0
1.2375,-1.552,-0.323185474951562,-0.18052680208116,-26.9103389739521,1.73334633160265,-5.89035122911825,-6.6100612457376e-05,-1.98431109765806e-07,6.61009102974046e-05,2.0
1.2375,-1.664,-0.324983342391832,-0.177565275231736,-26.9216480554099,1.33846112241439,-5.71991498435066,-6.53315728413872e-05,-1.96867560475766e-07,6.53318694571482e-05,2.0
1.2375,-1.776,-0.326444265856392,-0.17464437731173,-26.9329651162125,1.14651792847828,-5.58319547227063,-6.44976244075224e-05,-1.95303996974872e-07,6.44979201049543e-05,2.0
1.2375,-1.888,-0.327571119828231,-0.17177570108991,-26.9442821770151,1.19323387075949,-5.45413046769616,-6.360728002619e-05,-1.93740447684831e-07,6.36075750810485e-05,2.0
1.2375,-2.0,-0.328354172861991,-0.168946497928196,-26.9555912584728,1.5143260702232,-5.30544115310645,-6.26675246166997e-05,-1.92176884183937e-07,6.2667819281825e-05,2.0
1.2375,-2.0,-0.328354172861991,-0.168946497928196,-26.9555964631116,1.57461286947838,-5.30544115310644,-6.26675246166997e-05,-1.92176884183937e-07,6.2667819281825e-05,2.0
1.2375,-2.1,-0.327272291450079,-0.166484643521374,-26.9656938572708,1.71589056966262,-5.14067734393144,-6.17915575276129e-05,-1.90780852449279e-07,6.17918520439544e-05,2.0
1.2375,-2.2,-0.325579863709959,-0.164036921945064,-26.9757983758454,1.82865754577756,-4.96323669813305,-6.08851769356988e-05,-1.89384820714622e-07,6.08854714780273e-05,2.0
1.2375,-2.3,-0.323289804717546,-0.161607392988776,-26.9859028944199,1.91768216726031,-4.77565229723051,-5.99529485043604e-05,-1.87988788979965e-07,5.99532432329667e-05,2.0
1.2375,-2.4,-0.320392225039833,-0.159191634701573,-26.996000288579,1.98773280354799,-4.58030858690632,-5.89993651374243e-05,-1.86592757245307e-07,5.89996601979721e-05,2.0
1.2375,-2.4,-0.320392225039833,-0.159191634701573,-26.9960059351219,1.99434150242314,-4.58030858690632,-5.89993651374243e-05,-1.86592757245307e-07,5.89996601979721e-05,2.0
1.2375,-2.53,-0.315725328490621,-0.15610417392943,-27.0091325475288,2.08909217182897,-4.31498899501057,-5.77343889744952e-05,-1.84777917411338e-07,5.77346846630089e-05,2.0
1.2375,-2.66,-0.310048173430038,-0.153039019436131,-27.0222684216758,2.1883908866137,-4.03694875781297,-5.64479632885195e-05,-1.82963063366515e-07,5.64482598040418e-05,2.0
1.2375,-2.79,-0.303380434954446,-0.150002452225509,-27.0354042958227,2.29300621091117,-3.74564560566519,-5.51470366190188e-05,-1.81148223532546e-07,5.51473341380913e-05,2.0
1.2375,-2.92,-0.295734911891516,-0.146987425711884,-27.0485309082295,2.40370670885519,-3.44050247981573,-5.38377207703889e-05,-1.79333383698577e-07,5.3838019449204e-05,2.0
1.2375,-2.92,-0.295734911891516,-0.146987425711884,-27.048537291278,2.40330992219777,-3.44050247981573,-5.38377207703889e-05,-1.79333383698577e-07,5.3838019449204e-05,2.0
1.2375,-3.05,-0.287127230455574,-0.144027537400369,-27.061663903685,2.52186460379355,-3.1205034377699,-5.25253562955186e-05,-1.77518543864608e-07,5.25256562720028e-05,2.0
1.2375,-3.18,-0.27756444803945,-0.141088140859659,-27.0747997778319,2.64600669836552,-2.78456938855275,-5.12143160449341e-05,-1.75703704030639e-07,5.12146174421132e-05,2.0
1.2375,-3.31,-0.267061544329097,-0.138174986198662,-27.0879356519788,2.77566066459591,-2.43214398327333,-4.99073903483804e-05,-1.73888849985815e-07,4.99076932818755e-05,2.0
1.2375,-3.44,-0.255625895799907,-0.135281589133156,-27.1010622643857,2.91075096116697,-2.06266846874414,-4.86057615489699e-05,-1.72074010151846e-07,4.86060661360317e-05,2.0
1.2375,-3.44,-0.255625895799907,-0.135281589133156,-27.1010686474342,2.91060058904407,-2.06266846874414,-4.86057615489699e-05,-1.72074010151846e-07,4.86060661360317e-05,2.0
1.2375,-3.57,-0.243266478209724,-0.132438708215773,-27.1141952598411,3.05176793339269,-1.67526118889605,-4.73089530714788e-05,-1.70259170317877e-07,4.73092594415137e-05,2.0
1.2375,-3.7,-0.229989727904895,-0.129614578057884,-27.1273311339881,3.19742606809173,-1.26900353031531,-4.60150513390545e-05,-1.68444330483908e-07,4.60153596446697e-05,2.0
1.2375,-3.83,-0.215799070174131,-0.126814438490591,-27.140467008135,3.34702427553011,-0.84356763914175,-4.47209058620501e-05,-1.66629490649939e-07,4.47212162905874e-05,2.0
1.2375,-3.96,-0.20069610811594,-0.12403234428161,-27.1535936205419,3.50001183809674,-0.398641203202402,-4.3422380258562e-05,-1.64814636605115e-07,4.34226930438866e-05,2.0
1.2375,-3.96,-0.20069610811594,-0.12403234428161,-27.1536000035903,3.49892613932692,-0.398641203202402,-4.3422380258562e-05,-1.64814636605115e-07,4.34226930438866e-05,2.0
1.2375,-4.09,-0.184673916213896,-0.121296325316415,-27.1667266159973,3.65477600988696,0.0662447640590018,-4.21145850850735e-05,-1.62999796771146e-07,4.21149005201442e-05,2.0
1.2375,-4.22,-0.167722584732079,-0.118577383353708,-27.1798624901442,3.80998474396951,0.55158085469859,-4.07921797886956e-05,-1.61184956937177e-07,4.07924982380782e-05,2.0
1.2375,-4.35,-0.149836464944543,-0.115880266734284,-27.1929983642911,3.96440986612218,1.05703579418489,-3.94496419175994e-05,-1.59370117103208e-07,3.94499638309218e-05,2.0
1.2375,-4.48,-0.131010071864041,-0.113199547961072,-27.206124976698,4.11790890089257,1.58227924767274,-3.80813289666548e-05,-1.57555277269239e-07,3.808165489487e-05,2.0
1.2375,-4.48,-0.131010071864041,-0.113199547961072,-27.2061313597464,4.11132406347521,1.58227924767274,-3.80813289666548e-05,-1.57555277269239e-07,3.808165489487e-05,2.0
1.2375,-4.61,-0.111219110098602,-0.110560628754015,-27.2192579721534,4.26540439298399,2.12673798690415,-3.66815511370078e-05,-1.55740423224415e-07,3.66818817523903e-05,2.0
1.2375,-4.74,-0.0904726069015687,-0.107937174045458,-27.2323938463003,4.40104107539105,2.69055792128814,-3.52445858879946e-05,-1.53925583390446e-07,3.52449220101485e-05,2.0
1.2375,-4.87,-0.0685933766132347,-0.105333457711151,-27.2455297204472,4.50926258047367,3.27008576506442,-3.37644887622446e-05,-1.52110743556477e-07,3.37648313938341e-05,2.0
1.2375,-5.0,-0.0455955091344541,-0.102744550528848,-27.2586563328541,4.58109737800913,3.86131794335309,-3.22344385494944e-05,-1.50295903722508e-07,3.22347889315225e-05,2.0
1.2375,-5.0,-0.0455955091344541,-0.102744550528848,-27.2586628292061,4.83249446057678,3.86131794335309,-3.22344385494944e-05,-1.50295903722508e-07,3.22347889315225e-05,2.0
1.2375,-5.13461538461539,-0.0410879235368186,-0.100155294726763,-27.2722554751866,3.90227667502658,4.44870288046929,-3.05886496789753e-05,-1.4841663187326e-07,3.0589009736827e-05,2.0
1.2375,-5.26923076923077,-0.0370598443003877,-0.0976192926605455,-27.2858577117235,3.02442269527692,4.91412286207141,-2.88581613858696e-05,-1.46537345813158e-07,2.8858533430627e-05,2.0
1.2375,-5.40384615384616,-0.0333931979405392,-0.0951511569759594,-27.2994599482604,2.21409174651877,5.26618696267939,-2.70339933194919e-05,-1.4465807396391e-07,2.7034380347193e-05,2.0
1.2375,-5.53846153846154,-0.0300626487241174,-0.0927338734812335,-27.3130525942409,1.4864430539431,5.51408905227001,-2.51175715675345e-05,-1.42778802114663e-07,2.51179773715271e-05,2.0
1.2375,-5.53846153846154,-0.0300626487241174,-0.0927338734812335,-27.3130592038964,1.57722598589618,5.51408905227002,-2.51175715675345e-05,-1.42778802114663e-07,2.51179773715271e-05,2.0
1.2375,-5.67307692307692,-0.0270424483712675,-0.090445760741397,-27.3266518498767,0.830816580822373,5.67604143073545,-2.31175272347173e-05,-1.40899530265415e-07,2.31179566165681e-05,2.0
1.2375,-5.80769230769231,-0.0243228831363838,-0.0882053413506049,-27.3402540864132,0.101050986391541,5.7384271406005,-2.10470770980464e-05,-1.39020258416167e-07,2.10475362216902e-05,2.0
1.2375,-5.94230769230769,-0.0218878468461306,-0.086025722731491,-27.3538563229497,-0.604793604296967,5.70432655395727,-1.89229285751935e-05,-1.37140972356065e-07,1.89234255225679e-05,2.0
1.2375,-6.07692307692308,-0.0197200364453461,-0.0838916778226402,-27.3674489689301,-1.27943999814381,5.57708700623888,-1.67692942341091e-05,-1.35261700506817e-07,1.67698397379864e-05,2.0
1.2375,-6.07692307692308,-0.0197200364453461,-0.0838916778226402,-27.3674555785848,-1.23677762675533,5.57708700623888,-1.67692942341091e-05,-1.35261700506817e-07,1.67698397379864e-05,2.0
1.2375,-6.21153846153846,-0.0178050270508647,-0.0818734567278741,-27.3810482245648,-1.84498875999728,5.36834450226438,-1.46247766679153e-05,-1.33382428657569e-07,1.46253848995052e-05,2.0
1.2375,-6.34615384615385,-0.016134402022664,-0.0798980240753309,-27.3946504611009,-2.3402923982363,5.08547417582378,-1.25386013678508e-05,-1.31503156808321e-07,1.25392909425581e-05,2.0
1.2375,-6.48076923076923,-0.0146871275725777,-0.0779771621820214,-27.4082526976369,-2.73202709553463,4.74276498721878,-1.05530270957388e-05,-1.29623884959074e-07,1.0553823157271e-05,2.0
1.2375,-6.61538461538462,-0.0134405236703257,-0.0760972218720622,-27.4218453436169,-3.02953140595451,4.35410320814304,-8.70315216161544e-06,-1.27744598898971e-07,8.70408962676622e-06,2.0
1.2375,-6.61538461538462,-0.0134405236703257,-0.0760972218720622,-27.4218519532707,-3.02281457872438,4.35410320814304,-8.70315216161544e-06,-1.27744598898971e-07,8.70408962676622e-06,2.0
1.2375,-6.75,-0.0123819993570257,-0.0743213501398365,-27.4354445992504,-3.21890211691433,3.9328820414408,-7.01609951647697e-06,-1.25865327049723e-07,7.01722840626281e-06,2.0
1.2375,-6.88461538461539,-0.0114908458887089,-0.0725839500215394,-27.4490468357857,-3.30661375068698,3.49232822604799,-5.51233688383945e-06,-1.23986055200476e-07,5.51373108365116e-06,2.0
1.2375,-7.01923076923077,-0.0107469310085124,-0.070895640636941,-27.4626490723211,-3.28512331142768,3.04733159218183,-4.20321384808631e-06,-1.22106783351228e-07,4.20498712474662e-06,2.0
1.2375,-7.15384615384616,-0.010131727222086,-0.0692441631336027,-27.4762417183008,-3.15360463052175,2.61281440886758,-3.09169308820856e-06,-1.2022751150198e-07,3.09402986511096e-06,2.0
1.2375,-7.15384615384616,-0.010131727222086,-0.0692441631336027,-27.4762483279534,-3.16118872161618,2.61281440886758,-3.09169308820856e-06,-1.2022751150198e-07,3.09402986511096e-06,2.0
1.2375,-7.28846153846154,-0.0096269712116649,-0.0676864291398506,-27.4898409739328,-2.95743953761391,2.20054341560735,-2.17401748159318e-06,-1.18348232547305e-07,2.17723639378452e-06,2.0
1.2375,-7.42307692307693,-0.00921524485608494,-0.0661633786899535,-27.5034432104674,-2.71111168027447,1.81853899519459,-1.44030377668969e-06,-1.1646895359263e-07,1.44500518556078e-06,2.0
1.2375,-7.55769230769231,-0.00888096972226258,-0.0646846136305807,-27.5170454470021,-2.4269147299082,1.47215838309004,-8.75018542956241e-07,-1.14589681743382e-07,8.8248979919278e-07,2.0
1.2375,-7.69230769230769,-0.00861103675123624,-0.063239096975978,-27.5306380929815,-2.10955826682546,1.16657726710455,-4.58721672202955e-07,-1.12710409894134e-07,4.7236554599926e-07,2.0
1.2375,-7.69230769230769,-0.00861103675123624,-0.063239096975978,-27.5306447026331,-2.12107891023615,1.16657726710455,-4.58721672202955e-07,-1.12710409894134e-07,4.7236554599926e-07,2.0
1.2375,-7.82692307692308,-0.00839046190276422,-0.0618782870476302,-27.5442373486122,-1.7880393632654,0.903712707505493,-1.69037903674507e-07,-1.10831130939459e-07,2.02132017414341e-07,2.0
1.2375,-7.96153846153846,-0.00821043373137674,-0.0605488492969808,-27.5578395851463,-1.47474359536289,0.684329056001397,1.80730275189944e-08,-1.08951859090212e-07,1.10440671506994e-07,2.0
1.2375,-8.09615384615385,-0.00806269728808485,-0.0592595002427378,-27.5714418216805,-1.18356642219016,0.505582627139979,1.25766845826547e-07,-1.07072587240964e-07,1.65172147917354e-07,2.0
1.2375,-8.23076923076923,-0.00793970620604342,-0.0580002730995252,-27.5850344676596,-0.916882659408764,0.364545610061725,1.75197030216623e-07,-1.05193308286289e-07,2.04351734773499e-07,2.0
1.2375,-8.23076923076923,-0.00793970620604342,-0.0580002730995252,-27.5850410773104,-0.923957731162888,0.364545610061725,1.75197030216623e-07,-1.05193308286289e-07,2.04351734773499e-07,2.0
1.2375,-8.36538461538462,-0.0078357556451364,-0.0568178800038118,-27.5986337232892,-0.692238216808318,0.256250936827918,1.84386919954704e-07,-1.03314036437041e-07,2.11358289109504e-07,2.0
1.2375,-8.5,-0.00774600369918218,-0.0556639789199503,-27.612235959823,-0.501669112945799,0.176332907401432,1.67862367561611e-07,-1.01434764587793e-07,1.96129513103894e-07,2.0
1.2375,-8.63461538461539,-0.00766693578717403,-0.0545465208179648,-27.6258381963567,-0.351817766448966,0.119328865197398,1.36778410819716e-07,-9.95554856331182e-08,1.69173367839069e-07,2.0
1.2375,-8.76923076923077,-0.0075958660642995,-0.0534564721528633,-27.6394308423356,-0.242251524191451,0.0798014017820562,9.93208857380523e-08,-9.76762137838705e-08,1.39302839464756e-07,2.0
1.2375,-8.76923076923077,-0.0075958660642995,-0.0534564721528633,-27.6394374519857,-0.235692209509433,0.0798014017820563,9.93208857380523e-08,-9.76762137838705e-08,1.39302839464756e-07,2.0
1.2375,-8.90384615384615,-0.00753083639453648,-0.0524364407775484,-27.6530300979644,-0.157823540395311,0.0535505640806328,6.10872561424003e-08,-9.57969419346227e-08,1.13616490647409e-07,2.0
1.2375,-9.03846153846154,-0.00747057497899271,-0.0514424128703406,-27.6666323344978,-0.0998416958954664,0.0364155237016155,2.56009133892121e-08,-9.39176629799476e-08,9.73444101424266e-08,2.0
1.2375,-9.17307692307692,-0.00741449060375992,-0.0504816831119636,-27.6802345710312,-0.0610583626321457,0.0258028870200975,-5.15218889773905e-09,-9.20383911306999e-08,9.21824847374255e-08,2.0
1.2375,-9.30769230769231,-0.00736215394976878,-0.0495460270620687,-27.6938272170099,-0.0407852272275965,0.019149632379545,-3.03672749168982e-08,-9.01591192814521e-08,9.51358932027528e-08,2.0
1.2375,-9.30769230769231,-0.00736215394976878,-0.0495460270620687,-27.6938338266597,-0.039428551667737,0.019149632379545,-3.03672749168982e-08,-9.01591192814521e-08,9.51358932027528e-08,2.0
1.2375,-9.44230769230769,-0.00731304322162623,-0.0486745337918477,-27.7074264726383,-0.0314943137604512,0.0144204716658409,-5.00565242589346e-08,-8.8279840326777e-08,1.0148391906606e-07,2.0
1.2375,-9.57692307692307,-0.00726667086432163,-0.047826912871415,-27.7210287091716,-0.0265095816033948,0.0105313242477402,-6.47131486175567e-08,-8.64005684775293e-08,1.07948366533441e-07,2.0
1.2375,-9.71153846153846,-0.007222878157174,-0.0470099029330826,-27.7346309457048,-0.0235697630989819,0.00718991757524668,-7.50859783238411e-08,-8.45212966282816e-08,1.13056418325429e-07,2.0
1.2375,-9.84615384615385,-0.00718137884962246,-0.0462159756238319,-27.7482235916835,-0.0217702661496267,0.00414126839516957,-8.20488637032213e-08,-8.26420247790338e-08,1.16454799362535e-07,2.0
1.2375,-9.84615384615385,-0.00718137884962246,-0.0462159756238319,-27.748230201333,-0.0228593791706373,0.0041412683951694,-8.20488637032213e-08,-8.26420247790338e-08,1.16454799362535e-07,2.0
1.2375,-9.98076923076923,-0.00714178733133424,-0.0454812383811617,-27.7618228473116,-0.0228871931205594,0.00112850198059797,-8.64653415533212e-08,-8.07627458243587e-08,1.18316847502891e-07,2.0
1.2375,-10.1153846153846,-0.00710359651715237,-0.0447685705103207,-27.7754250838448,-0.0283315375394442,-0.00226720928394648,-8.91060665253463e-08,-7.8883473975111e-08,1.19006275288329e-07,2.0
1.2375,-10.25,-0.00706646015225617,-0.0440842471950825,-27.789027320378,-0.038771115345492,-0.00672500698972764,-9.06177319848211e-08,-7.70042021258632e-08,1.18916863796157e-07,2.0
1.2375,-10.3846153846154,-0.00703000394345809,-0.0434213327178267,-27.8026199663566,-0.0537846294569033,-0.0129070969959943,-9.15163482773096e-08,-7.51249302766155e-08,1.18401846062805e-07,2.0
1.2375,-10.3846153846154,-0.00703000394345809,-0.0434213327178267,-27.8026265760061,-0.0538881237873745,-0.0129070969959943,-9.15163482773096e-08,-7.51249302766155e-08,1.18401846062805e-07,2.0
1.2375,-10.5192307692308,-0.00699388922972271,-0.0428134490578345,-27.8162192219847,-0.074068262980898,-0.0214411893506336,-9.2179945454518e-08,-7.32456513219404e-08,1.17737282886829e-07,2.0
1.2375,-10.6538461538461,-0.00695755937596942,-0.042226135156196,-27.8298214585178,-0.100516762309204,-0.0331348661098321,-9.28589187765283e-08,-7.13663794726926e-08,1.17115066987072e-07,2.0
1.2375,-10.7884615384615,-0.00692040782753212,-0.0416652889794736,-27.8434236950509,-0.132738683050844,-0.0487685732896822,-9.36958173269886e-08,-6.94871076234449e-08,1.166506078443e-07,2.0
1.2375,-10.9230769230769,-0.00688163546088765,-0.0411244721372979,-27.8570163410295,-0.170239086484371,-0.0691037419477898,-9.47439104947989e-08,-6.76078357741972e-08,1.1639256004538e-07,2.0
1.2375,-10.9230769230769,-0.00688163546088765,-0.0411244721372979,-27.8570229506791,-0.168708980362012,-0.0691037419477894,-9.47439104947989e-08,-6.76078357741972e-08,1.1639256004538e-07,2.0
1.2375,-11.0576923076923,-0.00684031087022439,-0.0406352831719306,-27.8706155966577,-0.214296020874491,-0.0948166659990451,-9.59862518357113e-08,-6.57285568195221e-08,1.16334017909835e-07,2.0
1.2375,-11.1923076923077,-0.00679515532246251,-0.040165447108773,-27.884217833191,-0.264022820224558,-0.126995628299997,-9.7357315098634e-08,-6.38492849702743e-08,1.16426706534326e-07,2.0
1.2375,-11.3269230769231,-0.00674453190562516,-0.0397205657449209,-27.8978200697243,-0.316755429422971,-0.166050964385866,-9.87654686923634e-08,-6.19700131210266e-08,1.16597171201717e-07,2.0
1.2375,-11.4615384615385,-0.00668622781064423,-0.0392946095432012,-27.911412715703,-0.371359899480489,-0.212348741002812,-1.00108046297009e-07,-6.00907412717788e-08,1.16758374945851e-07,2.0
1.2375,-11.4615384615385,-0.00668622781064423,-0.0392946095432012,-27.9114193253529,-0.359486360255321,-0.212348741002812,-1.00108046297009e-07,-6.00907412717788e-08,1.16758374945851e-07,2.0
1.2375,-11.5961538461539,-0.00661753514240215,-0.0389175878247073,-27.9250119713316,-0.407350757473223,-0.264401915283035,-1.01286701692516e-07,-5.82114658698174e-08,1.16822817542043e-07,2.0
1.2375,-11.7307692307692,-0.0065360219542083,-0.0385589681880095,-27.9386142078651,-0.409268618454033,-0.320000781623965,-1.02213171260246e-07,-5.63321940205697e-08,1.16708390710555e-07,2.0
1.2375,-11.8653846153846,-0.00643883760335667,-0.0382241332386266,-27.9522164443986,-0.359741504671412,-0.372307899145771,-1.02810084001703e-07,-5.44529186186082e-08,1.16340163823686e-07,2.0
1.2375,-12.0,-0.00632323598020641,-0.037907379436841,-27.9658090903774,-0.253270977599024,-0.414259181422844,-1.0300399821972e-07,-5.25736467693605e-08,1.1564519870655e-07,2.0
1.2375,-12.0,-0.00632323598020641,-0.037907379436841,-27.9658154639725,-0.236238491557779,-0.414259181422844,-1.0300399821972e-07,-5.25736467693605e-08,1.1564519870655e-07,2.0
1.2375,-12.125,-0.00618581690989646,-0.0376431280639427,-27.9784372066694,-0.13773339799836,-0.438290336446403,-1.02755691955281e-07,-5.08286071010389e-08,1.14639781616332e-07,2.0
1.2375,-12.25,-0.00602942749719269,-0.0373849800939329,-27.9910678548836,0.0272103912766577,-0.445937236106147,-1.020251190198e-07,-4.90835674327172e-08,1.13218026404484e-07,2.0
1.2375,-12.375,-0.00585657277473655,-0.0371347395916555,-28.0036985030979,0.261412238538707,-0.428601966639379,-1.00755769949501e-07,-4.73385277643956e-08,1.11322331043763e-07,2.0
1.2375,-12.5,-0.00566595459361023,-0.0368905222761511,-28.0163202457948,0.567691506059221,-0.377571038338227,-9.8906873802207e-08,-4.5593488096074e-08,1.0890976008647e-07,2.0
1.2375,-12.5,-0.00566595459361023,-0.0368905222761511,-28.0163263833377,0.574824278758342,-0.377571038338227,-9.8906873802207e-08,-4.5593488096074e-08,1.0890976008647e-07,2.0
1.2375,-12.625,-0.00490205397148278,-0.0366596259190281,-28.0289481260364,0.644273029307656,-0.301069370247192,-9.64596154062747e-08,-4.38484484277524e-08,1.05958217396518e-07,2.0
1.2375,-12.75,-0.00411487725039078,-0.0364328708328366,-28.0415787742541,0.681508939051669,-0.217837547943571,-9.34075927716549e-08,-4.21034123121444e-08,1.02458165685912e-07,2.0
1.2375,-12.875,-0.00330839824386102,-0.0362114852131887,-28.0542094224717,0.685719403930503,-0.132028079763191,-8.9767723920886e-08,-4.03583726438228e-08,9.84227742973855e-08,2.0
1.2375,-13.0,-0.00248495904896166,-0.0359941917382764,-28.0668311651704,0.65609181988428,-0.0478235856183831,-8.5585050157988e-08,-3.86133329755012e-08,9.38924400259267e-08,2.0
1.2375,-13.0,-0.00248495904896166,-0.0359941917382764,-28.0668360138215,0.633704798979108,-0.0478235856183831,-8.5585050157988e-08,-3.86133329755012e-08,9.38924400259267e-08,2.0
1.2375,-13.0725,-0.00239586398680904,-0.0358968738848307,-28.0741566245807,0.2939640313055,-0.0151464273871672,-8.2925986077953e-08,-3.76012110336887e-08,9.10525685425779e-08,2.0
1.2375,-13.145,-0.00230750169753681,-0.0358190193382344,-28.0814824005353,0.0890966376006015,-0.00185702573964944,-8.01365729330428e-08,-3.65890855391626e-08,8.80944464881019e-08,2.0
1.2375,-13.2175,-0.00221907601344356,-0.0357664983275293,-28.0888081764898,-0.00203720494994647,0.000522652820773881,-7.72871473486703e-08,-3.55769635973502e-08,8.50824510936436e-08,2.0
1.2375,-13.29,-0.00213072435378566,-0.0357333762409739,-28.0961287872491,-0.000577319160504686,3.86789125034204e-17,-7.44403791941295e-08,-3.45648416555377e-08,8.2073737171145e-08,2.0
2.3375,-1.104,-0.304240480754462,-0.22721930317742,-11.2302138851601,4.76706531523836,-6.92364619287672,-6.82849349686876e-05,2.64995082943642e-06,6.83363342818176e-05,3.0
2.3375,-1.13119744429162,-0.304607117473078,-0.226266651611745,-11.2329601183111,4.55234964145954,-6.79691038850798,-6.82018508086912e-05,2.64673758465506e-06,6.82531880103267e-05,3.0
2.3375,-1.15839488858323,-0.304956562508125,-0.225317150483673,-11.2357082891214,4.33503225089166,-6.67606481575967,-6.81071906001307e-05,2.64352456724737e-06,6.81584744076639e-05,3.0
2.3375,-1.18559233287484,-0.305291045959769,-0.22437174272469,-11.2384564599317,4.12639926541776,-6.56097360720359,-6.80013108649291e-05,2.640311322466e-06,6.80525497187891e-05,3.0
2.3375,-1.21278977716646,-0.305607813513621,-0.223429463033892,-11.2412026930825,3.93773680692084,-6.45140923443879,-6.78845535730943e-05,2.63709830505832e-06,6.79357556908647e-05,3.0
2.3375,-1.21278977716646,-0.305607813513621,-0.223429463033892,-11.2412048538121,3.93855657644035,-6.45140923443879,-6.78845535730943e-05,2.63709830505832e-06,6.79357556908647e-05,3.0
2.3375,-1.27360511141677,-0.306227961526466,-0.221352000391692,-11.2473456178202,3.52877698921188,-6.2243714726619,-6.75862465868704e-05,2.62991352428799e-06,6.76373947816331e-05,3.0
2.3375,-1.33442044566709,-0.30677262992145,-0.219289928771158,-11.2534907145653,3.12629206153413,-6.02210223484216,-6.7239576310385e-05,2.62272851614398e-06,6.72907075848477e-05,3.0
2.3375,-1.3952357799174,-0.307232168690976,-0.217247767829563,-11.2596358113104,2.74257819444817,-5.84365028162592,-6.68490683892742e-05,2.61554373537365e-06,6.69002168422906e-05,3.0
2.3375,-1.45605111416771,-0.307595104468745,-0.215220755667162,-11.2657765753185,2.38911178899507,-5.68785947056229,-6.64197141304612e-05,2.60835895460332e-06,6.64709106422369e-05,3.0
2.3375,-1.45605111416771,-0.307595104468745,-0.215220755667162,-11.2657814068566,2.41817851678403,-5.68785947056229,-6.64197141304612e-05,2.60835895460332e-06,6.64709106422369e-05,3.0
2.3375,-1.59203833562579,-0.308085630306525,-0.210830344463162,-11.2795125726127,1.64775365575187,-5.41369260666238,-6.5348285716027e-05,2.59229341281753e-06,6.53996821946532e-05,3.0
2.3375,-1.72802555708386,-0.308136945458221,-0.206513029294177,-11.293253426663,1.09528889363627,-5.2300119022265,-6.41702790744602e-05,2.57622764365806e-06,6.42219718271407e-05,3.0
2.3375,-1.86401277854193,-0.307760266653934,-0.202289376881512,-11.3069942807132,0.780483590847601,-5.10496608775127,-6.29272690275684e-05,2.56016187449859e-06,6.29793268945581e-05,3.0
2.3375,-2.0,-0.306957653932174,-0.198136300202462,-11.3207254464692,0.723037107796242,-5.00590669953018,-6.16445977357216e-05,2.54409610533912e-06,6.16970733097781e-05,3.0
2.3375,-2.0,-0.306957653932174,-0.198136300202462,-11.3207312399986,0.961970517496135,-5.00590669953018,-6.16445977357216e-05,2.54409610533912e-06,6.16970733097781e-05,3.0
2.3375,-2.1,-0.305011821598559,-0.195171570242517,-11.3308286341578,1.12351115019074,-4.9014068360541,-6.06827488809358e-05,2.53228199653677e-06,6.07355617727926e-05,3.0
2.3375,-2.2,-0.302532303962096,-0.19222390622141,-11.3409331527323,1.26003474334875,-4.78206256869548,-5.9710077039199e-05,2.52046788773441e-06,5.97632500655727e-05,3.0
2.3375,-2.3,-0.299531837135707,-0.189298210253826,-11.3510376713068,1.37661110892968,-4.65000619635148,-5.87312460993417e-05,2.50865377893206e-06,5.87847991590002e-05,3.0
2.3375,-2.4,-0.296010368009552,-0.186389142905479,-11.3611350654659,1.47831005889304,-4.50721135508392,-5.77504579268862e-05,2.4968396701297e-06,5.78044081286486e-05,3.0
2.3375,-2.4,-0.296010368009552,-0.186389142905479,-11.3611415098898,1.48244190862839,-4.50721135508392,-5.77504579268862e-05,2.4968396701297e-06,5.78044081286486e-05,3.0
2.3375,-2.5625,-0.289191944855834,-0.181753225313523,-11.3775497753983,1.65356617825987,-4.25261369359092,-5.61611923330929e-05,2.477641828591e-06,5.62158183548495e-05,3.0
2.3375,-2.725,-0.281026953695644,-0.177159142540735,-11.3939696180819,1.83576505119598,-3.96919841285283,-5.45879629498813e-05,2.45844375967863e-06,5.46432945999518e-05,3.0
2.3375,-2.8875,-0.271541348964554,-0.172618438151891,-11.4103894607655,2.02971024833873,-3.65521625037702,-5.30410070496146e-05,2.43924591813993e-06,5.30970653566318e-05,3.0
2.3375,-3.05,-0.260767150821235,-0.168117772666591,-11.426797726274,2.23607349059009,-3.30887467528143,-5.152820085641e-05,2.42004784922756e-06,5.15849989346814e-05,3.0
2.3375,-3.05,-0.260767150821235,-0.168117772666591,-11.4268057050845,2.23640266401032,-3.30887467528143,-5.152820085641e-05,2.42004784922756e-06,5.15849989346814e-05,3.0
2.3375,-3.2125,-0.24874110603552,-0.163718924913607,-11.4432139705931,2.45278627323063,-2.92813552748405,-5.00547939736862e-05,2.40085000768886e-06,5.01123386054531e-05,3.0
2.3375,-3.375,-0.235498154001558,-0.159357667833479,-11.4596338132767,2.68158502298402,-2.51103581946763,-4.86220633320045e-05,2.38165193877649e-06,4.86803585506406e-05,3.0
2.3375,-3.5375,-0.221080438407097,-0.155044314509823,-11.4760536559603,2.92302494564464,-2.05573461884703,-4.72260944661684e-05,2.36245409723779e-06,4.72851476458414e-05,3.0
2.3375,-3.7,-0.205526521594497,-0.150766846569691,-11.4924619214688,3.17733207358664,-1.5603672976438,-4.58580543636344e-05,2.34325602832541e-06,4.59178832137582e-05,3.0
2.3375,-3.7,-0.205526521594497,-0.150766846569691,-11.4924699002793,3.17491811575929,-1.5603672976438,-4.58580543636344e-05,2.34325602832541e-06,4.59178832137582e-05,3.0
2.3375,-3.8625,-0.188885103947408,-0.146580460173096,-11.5088781657878,3.43966811639985,-1.02319234588088,-4.45045043306891e-05,2.32405818678671e-06,4.45651450370791e-05,3.0
2.3375,-4.025,-0.17119757364069,-0.142427630989404,-11.5252980084714,3.71313673943627,-0.441979135548189,-4.31482294516172e-05,2.30486011787434e-06,4.32097452546573e-05,3.0
2.3375,-4.1875,-0.152509968171942,-0.138317499407835,-11.541717851155,3.99442862872843,0.184279521109259,-4.17693918279838e-05,2.28566227633564e-06,4.18318819289917e-05,3.0
2.3375,-4.35,-0.132868488497019,-0.134239300820968,-11.5581261166635,4.28264842813623,0.856561213941256,-4.03465419367421e-05,2.26646420742327e-06,4.0410151029869e-05,3.0
2.3375,-4.35,-0.132868488497019,-0.134239300820968,-11.5581340954739,4.26407447185672,0.856561213941256,-4.03465419367421e-05,2.26646420742327e-06,4.0410151029869e-05,3.0
2.3375,-4.5125,-0.112315105125405,-0.130241957997834,-11.5745423609824,4.56235562787268,1.57386915020713,-3.88575608667452e-05,2.24726636588457e-06,3.89224901905318e-05,3.0
2.3375,-4.675,-0.0908904037424346,-0.12627432701353,-11.590962203666,4.813219723242,2.33697881120224,-3.72806862287689e-05,2.2280682969722e-06,3.73472067767309e-05,3.0
2.3375,-4.8375,-0.0685169834501936,-0.122344426778748,-11.6073820463496,4.99444625140255,3.13475707661142,-3.55945776391309e-05,2.2088704554335e-06,3.56630490283291e-05,3.0
2.3375,-5.0,-0.0452062668554651,-0.118442686134831,-11.623790311858,5.08381470579222,3.95498177025493,-3.37774145009462e-05,2.18967238652112e-06,3.38483145153348e-05,3.0
2.3375,-5.0,-0.0452062668554651,-0.118442686134831,-11.6237976060907,4.99580925073713,3.95498177025494,-3.37774145009462e-05,2.18967238652112e-06,3.38483145153348e-05,3.0
2.3375,-5.13461538461539,-0.0408344619238198,-0.115326952307916,-11.6373902520709,4.15263744464292,4.56902829886066,-3.21563020406757e-05,2.17376873479225e-06,3.22296917677399e-05,3.0
2.3375,-5.26923076923077,-0.0368270688519971,-0.112275524645858,-11.6509924886073,3.41022812122948,5.0777899403278,-3.04142140521435e-05,2.15786508306337e-06,3.04906673939143e-05,3.0
2.3375,-5.40384615384616,-0.0331364223334422,-0.109306048149728,-11.6645947251438,2.72906553777139,5.49012560112494,-2.85384612652706e-05,2.14196143133449e-06,2.86187311067887e-05,3.0
2.3375,-5.53846153846154,-0.0297758781529188,-0.106397977913635,-11.678187371124,2.06963395154319,5.81324153461902,-2.65200887952233e-05,2.12605777960562e-06,2.6605173019335e-05,3.0
2.3375,-5.53846153846154,-0.0297758781529188,-0.106397977913635,-11.6781939807794,2.03423490354572,5.81324153461902,-2.65200887952233e-05,2.12605777960562e-06,2.6605173019335e-05,3.0
2.3375,-5.67307692307692,-0.026727027145268,-0.103645884844602,-11.69178662676,1.12285898850994,6.02466419269004,-2.43560443777824e-05,2.11015435525042e-06,2.44472830624486e-05,3.0
2.3375,-5.80769230769231,-0.0239859939421836,-0.100951383685318,-11.705388863297,0.254447387824493,6.1178089316249,-2.20560705201933e-05,2.09425070352154e-06,2.21552732504237e-05,3.0
2.3375,-5.94230769230769,-0.0215408927915305,-0.0983303018560982,-11.7189910998339,-0.619385038621639,6.09294197941572,-1.96507153304992e-05,2.07834705179266e-06,1.97603172916837e-05,3.0
2.3375,-6.07692307692308,-0.0193774817520282,-0.0957642524392451,-11.7325837458145,-1.54702343093946,5.94830598800317,-1.71896081155865e-05,2.06244340006378e-06,1.73128940372747e-05,3.0
2.3375,-6.07692307692308,-0.0193774817520282,-0.0957642524392451,-11.7325903554699,-1.38949912365944,5.94830598800317,-1.71896081155865e-05,2.06244340006378e-06,1.73128940372747e-05,3.0
2.3375,-6.21153846153846,-0.0174858353733448,-0.0933380635471549,-11.7461830014502,-2.12983367299653,5.70990793057192,-1.47402897709981e-05,2.04653974833491e-06,1.48816822797191e-05,3.0
2.3375,-6.34615384615385,-0.0158407330792404,-0.0909635438121831,-11.7597852379866,-2.73045792888621,5.38114354090536,-1.23696254377137e-05,2.03063609660603e-06,1.25351951092184e-05,3.0
2.3375,-6.48076923076923,-0.0144271484901805,-0.08865492056863,-11.773387474523,-3.19312174361879,4.98080195099436,-1.01349078249768e-05,2.01473244487715e-06,1.03332232843976e-05,3.0
2.3375,-6.61538461538462,-0.0132252449194179,-0.0863957122205554,-11.7869801205033,-3.51957496948456,4.52757708201835,-8.08260301710106e-06,1.99882879314828e-06,8.32609080399498e-06,3.0
2.3375,-6.61538461538462,-0.0132252449194179,-0.0863957122205554,-11.7869867301574,-3.52588221087173,4.52757708201835,-8.08260301710106e-06,1.99882879314828e-06,8.32609080399498e-06,3.0
2.3375,-6.75,-0.0122144149793947,-0.0842621697632684,-11.8005793761371,-3.72747706749217,4.03775197399619,-6.24735957899247e-06,1.9829251414194e-06,6.5545017984361e-06,3.0
2.3375,-6.88461538461539,-0.0113752368979739,-0.0821750838246017,-11.8141816126725,-3.78071530047908,3.53072696013506,-4.65309813080239e-06,1.96702148969052e-06,5.05178144378605e-06,3.0
2.3375,-7.01923076923077,-0.0106860497047335,-0.0801472771597734,-11.8277838492078,-3.69170087855588,3.02601154154302,-3.30867283082625e-06,1.95111783796165e-06,3.84111659795169e-06,3.0
2.3375,-7.15384615384616,-0.0101245575697443,-0.0781639470104112,-11.8413764951877,-3.46653777044599,2.54286556560368,-2.21035270442371e-06,1.93521418623277e-06,2.93780751999681e-06,3.0
2.3375,-7.15384615384616,-0.0101245575697443,-0.0781639470104112,-11.8413831048402,-3.47926334358657,2.54286556560368,-2.21035270442371e-06,1.93521418623277e-06,2.93780751999681e-06,3.0
2.3375,-7.28846153846154,-0.00966943542031115,-0.0762938150686074,-11.8549757508194,-3.18896940767814,2.09360282141854,-1.34394122142112e-06,1.91931076187757e-06,2.34306035075794e-06,3.0
2.3375,-7.42307692307693,-0.00930592919049744,-0.0744655654908456,-11.8685779873538,-2.85556380109273,1.6862833389269,-6.87343060690182e-07,1.90340699646185e-06,2.02370913850259e-06,3.0
2.3375,-7.55769230769231,-0.00901625207379493,-0.072690792658973,-11.8821802238883,-2.48377659670324,1.32634082991119,-2.12994464732219e-07,1.88750334473298e-06,1.899482960804e-06,3.0
2.3375,-7.69230769230769,-0.00878638649932527,-0.0709561692379802,-11.8957728698677,-2.0783378673826,1.01903046422438,1.09372066958713e-07,1.87159980669094e-06,1.8747928113358e-06,3.0
2.3375,-7.69230769230769,-0.00878638649932527,-0.0709561692379802,-11.8957794795191,-2.09352956257577,1.01903046422438,1.09372066958713e-07,1.87159980669094e-06,1.8747928113358e-06,3.0
2.3375,-7.82692307692308,-0.00860229042801571,-0.0693238319656241,-11.9093721254981,-1.74975944751928,0.760675757758665,3.10045379592339e-07,1.85569615496206e-06,1.88141870856743e-06,3.0
2.3375,-7.96153846153846,-0.00845317074514525,-0.0677293785302588,-11.9229743620321,-1.43115354293137,0.546832459507172,4.17176380551609e-07,1.83979250323318e-06,1.88649743902375e-06,3.0
2.3375,-8.09615384615385,-0.00833135684059477,-0.066183334266203,-11.9365765985662,-1.13840215030681,0.374116625855611,4.55663723641919e-07,1.82388885150431e-06,1.87994680022731e-06,3.0
2.3375,-8.23076923076923,-0.0082305754104974,-0.0646736641223453,-11.9501692445453,-0.872195571140362,0.239129453831217,4.46767984385588e-07,1.80798519977543e-06,1.86236734144448e-06,3.0
2.3375,-8.23076923076923,-0.0082305754104974,-0.0646736641223453,-11.950175854196,-0.866278054401193,0.239129453831217,4.46767984385588e-07,1.80798519977543e-06,1.86236734144448e-06,3.0
2.3375,-8.36538461538462,-0.00814566842191379,-0.0632567737429056,-11.9637685001748,-0.62701469276678,0.139144858734586,4.07729913831645e-07,1.79208154804655e-06,1.83787920100373e-06,3.0
2.3375,-8.5,-0.00807246944922342,-0.0618742893546048,-11.9773707367086,-0.433622756715116,0.0682739929714483,3.51924086317012e-07,1.77617801000451e-06,1.81070673654064e-06,3.0
2.3375,-8.63461538461539,-0.00800691653031624,-0.060535811879608,-11.9909729732423,-0.28681002155687,0.0202843218913358,2.89339652681519e-07,1.76027435827564e-06,1.7838955269344e-06,3.0
2.3375,-8.76923076923077,-0.00794648388131373,-0.0592304331693401,-12.0045656192212,-0.18728426260271,-0.0110782367410165,2.26952280968362e-07,1.74437070654676e-06,1.75907262490643e-06,3.0
2.3375,-8.76923076923077,-0.00794648388131373,-0.0592304331693401,-12.0045722288715,-0.183947738711238,-0.0110782367410166,2.26952280968362e-07,1.74437070654676e-06,1.75907262490643e-06,3.0
2.3375,-8.90384615384615,-0.00789145319663201,-0.0580096028806455,-12.0181648748502,-0.0874537782659945,-0.029129120622358,1.69107565284321e-07,1.72846705481788e-06,1.73671981857385e-06,3.0
2.3375,-9.03846153846154,-0.00783630083706104,-0.0568201736271258,-12.0317671113837,-0.0135143781128213,-0.0356060785167104,1.18149955596891e-07,1.71256340308901e-06,1.71663415485285e-06,3.0
2.3375,-9.17307692307692,-0.0077821277940886,-0.0556709538512263,-12.0453693479173,0.0344892797787183,-0.0339316051007243,7.50267332705334e-08,1.69665975136013e-06,1.69831779199026e-06,3.0
2.3375,-9.30769230769231,-0.00772930139988742,-0.0545520124110364,-12.0589619938961,0.0531760134390608,-0.0276642371768567,3.96651884670973e-08,1.68075621331809e-06,1.68122418962597e-06,3.0
2.3375,-9.30769230769231,-0.00772930139988742,-0.0545520124110364,-12.0589686035461,0.0537937084485366,-0.0276642371768568,3.96651884670973e-08,1.68075621331809e-06,1.68122418962597e-06,3.0
2.3375,-9.44230769230769,-0.0076779774377167,-0.0535105499787847,-12.0725612495247,0.052139516826503,-0.0205270305137366,1.13667173451404e-08,1.66485256158921e-06,1.66489136405153e-06,3.0
2.3375,-9.57692307692307,-0.00762767212128523,-0.0524979152226027,-12.0861634860581,0.0498512822908335,-0.013656293867259,-1.08439053292386e-08,1.64894890986034e-06,1.64898456560769e-06,3.0
2.3375,-9.71153846153846,-0.00757828799174322,-0.0515222451476774,-12.0997657225915,0.0470670537278263,-0.00712467378413961,-2.80464984570017e-08,1.63304525813146e-06,1.6332860806305e-06,3.0
2.3375,-9.84615384615385,-0.00753022373011098,-0.0505744491485676,-12.1133583685702,0.0439248800237798,-0.000999264466617466,-4.13306473490138e-08,1.61714160640258e-06,1.61766968122933e-06,3.0
2.3375,-9.84615384615385,-0.00753022373011098,-0.0505744491485676,-12.11336497822,0.0395191117148445,-0.000999264466617313,-4.13306473490138e-08,1.61714160640258e-06,1.61766968122933e-06,3.0
2.3375,-9.98076923076923,-0.00748286142669609,-0.0496981275276198,-12.1269576241986,0.029536169277519,0.00366420698387124,-5.1694144076464e-08,1.60123795467371e-06,1.60207218065212e-06,3.0
2.3375,-10.1153846153846,-0.00743702886815248,-0.048848456458316,-12.1405598607319,0.0174530883632311,0.00686272938022573,-5.99919189880893e-08,1.58533430294483e-06,1.58646899825917e-06,3.0
2.3375,-10.25,-0.0073921990876487,-0.048033013324396,-12.1541620972652,0.00265204705761846,0.00824230720044717,-6.69217001814104e-08,1.56943076490279e-06,1.57085691257305e-06,3.0
2.3375,-10.3846153846154,-0.00734805694275294,-0.047243423137044,-12.1677547432439,-0.0154847765536811,0.00742300408129204,-7.30282181393704e-08,1.55352711317391e-06,1.55524262159031e-06,3.0
2.3375,-10.3846153846154,-0.00734805694275294,-0.047243423137044,-12.1677613528936,-0.0143522745659553,0.00742300408129206,-7.30282181393704e-08,1.55352711317391e-06,1.55524262159031e-06,3.0
2.3375,-10.5192307692308,-0.00730304557740803,-0.0465202849684643,-12.1813539988722,-0.0355318231770196,0.00415090633991259,-7.87069893704029e-08,1.53762346144504e-06,1.53963654781314e-06,3.0
2.3375,-10.6538461538461,-0.00725790875075121,-0.0458219865445186,-12.1949562354055,-0.0640537214719357,-0.00247538061625874,-8.42212841689616e-08,1.52171980971616e-06,1.52404868819525e-06,3.0
2.3375,-10.7884615384615,-0.0072116268147586,-0.0451556497531933,-12.2085584719388,-0.0997452656882127,-0.0134198536752046,-8.97228389362681e-08,1.50581615798728e-06,1.50848682111657e-06,3.0
2.3375,-10.9230769230769,-0.00716345537533,-0.0445135001362004,-12.2221511179175,-0.14243375206336,-0.0296408379099588,-9.52643546270338e-08,1.48991250625841e-06,1.49295498042229e-06,3.0
2.3375,-10.9230769230769,-0.00716345537533,-0.0445135001362004,-12.2221577275673,-0.141915013843045,-0.0296408379099589,-9.52643546270338e-08,1.48991250625841e-06,1.49295498042229e-06,3.0
2.3375,-11.0576923076923,-0.00711234773103527,-0.0439336934335129,-12.2357503735459,-0.192366421003641,-0.0520672054797132,-1.00812606262934e-07,1.47400885452953e-06,1.47745229527487e-06,3.0
2.3375,-11.1923076923077,-0.00705695883769942,-0.0433772571024031,-12.2493526100793,-0.24812519446122,-0.081677722134775,-1.06258475796039e-07,1.45810531648749e-06,1.46197194831077e-06,3.0
2.3375,-11.3269230769231,-0.00699555832568685,-0.0428509554015384,-12.2629548466127,-0.308519588256112,-0.119093477855744,-1.11423567261681e-07,1.44220166475861e-06,1.44649951717027e-06,3.0
2.3375,-11.4615384615385,-0.00692615918732357,-0.0423475075693371,-12.2765474925914,-0.372877856428644,-0.164910559264546,-1.16065969280044e-07,1.42629801302974e-06,1.43101269428244e-06,3.0
2.3375,-11.4615384615385,-0.00692615918732357,-0.0423475075693371,-12.2765541022413,-0.361479478212198,-0.164910559264546,-1.16065969280044e-07,1.42629801302974e-06,1.43101269428244e-06,3.0
2.3375,-11.5961538461539,-0.00684656184266798,-0.0419031503360551,-12.29014674822,-0.427686391968025,-0.218398764296516,-1.19886379934542e-07,1.41039436130086e-06,1.41548048325756e-06,3.0
2.3375,-11.7307692307692,-0.00675502653931161,-0.0414810153436502,-12.3037489847534,-0.452798281629537,-0.278264876340384,-1.22535581681404e-07,1.39449070957198e-06,1.39986403191902e-06,3.0
2.3375,-11.8653846153846,-0.0066493727683865,-0.0410876021734909,-12.3173512212869,-0.430208845931772,-0.338194875230352,-1.23636482385336e-07,1.37858705784311e-06,1.38412002941549e-06,3.0
2.3375,-12.0,-0.00652728084548328,-0.0407160237110836,-12.3309438672657,-0.353311783609769,-0.391603744412644,-1.22827046311613e-07,1.36268340611423e-06,1.36820778707209e-06,3.0
2.3375,-12.0,-0.00652728084548328,-0.0407160237110836,-12.3309502408607,-0.330335621476396,-0.391603744412644,-1.22827046311613e-07,1.36268340611423e-06,1.36820778707209e-06,3.0
2.3375,-12.125,-0.00638809158435021,-0.0404070649934771,-12.3435719835575,-0.24146415987536,-0.428082401825904,-1.20100608569373e-07,1.3479158269547e-06,1.35325578983935e-06,3.0
2.3375,-12.25,-0.00623011866402208,-0.0401054774694934,-12.3562026317717,-0.076214417932854,-0.448811822828222,-1.15308544934578e-07,1.33314813410834e-06,1.33812555764079e-06,3.0
2.3375,-12.375,-0.00605304316203281,-0.0398134395759893,-12.3688332799859,0.169842575521196,-0.443775252406196,-1.08372532281464e-07,1.31838044126198e-06,1.32282712160555e-06,3.0
2.3375,-12.5,-0.0058524895662268,-0.0395286760138788,-12.3814550226828,0.501135791656864,-0.402778787012678,-9.93415483208082e-08,1.30361286210245e-06,1.30739253380985e-06,3.0
2.3375,-12.5,-0.0058524895662268,-0.0395286760138788,-12.3814611602257,0.508955710765712,-0.402778787012678,-9.93415483208082e-08,1.30361286210245e-06,1.30739253380985e-06,3.0
2.3375,-12.625,-0.00515605826806531,-0.0392599989578995,-12.3940829029243,0.600038738134911,-0.33321234729102,-8.84529214317809e-08,1.28884516925609e-06,1.2918768477005e-06,3.0
2.3375,-12.75,-0.00441463451536667,-0.0389963237901459,-12.406713551142,0.663459818236172,-0.253908017853808,-7.60940181976366e-08,1.27407747640973e-06,1.2763478035003e-06,3.0
2.3375,-12.875,-0.0036274866321252,-0.0387391335762603,-12.4193441993597,0.697692810297303,-0.168524575990905,-6.2674025969045e-08,1.25930978356337e-06,1.26086841681025e-06,3.0
2.3375,-13.0,-0.00279590878808412,-0.0384868859299406,-12.4319659420584,0.701211573546115,-0.0807769459616245,-4.86242619501809e-08,1.24454220440384e-06,1.24549171711119e-06,3.0
2.3375,-13.0,-0.00279590878808412,-0.0384868859299406,-12.4319707907103,0.700029246824055,-0.0807769459616245,-4.86242619501809e-08,1.24454220440384e-06,1.24549171711119e-06,3.0
2.3375,-13.0725,-0.00271085585032641,-0.0383752534939603,-12.43929140147,0.442532669793891,-0.0397239011609913,-4.03801507786738e-08,1.23597692436306e-06,1.23663637102217e-06,3.0
2.3375,-13.145,-0.002625845960984,-0.0382871237255673,-12.4466171774256,0.242007914052803,-0.015228998690164,-3.21567341643458e-08,1.22741164432227e-06,1.22783280627699e-06,3.0
2.3375,-13.2175,-0.0025403066857598,-0.0382295850192526,-12.4539429533812,0.0962903694719986,-0.00330084876459323,-2.39563284765154e-08,1.21884647796833e-06,1.21908188507986e-06,3.0
2.3375,-13.29,-0.00245456572386541,-0.0381954712373959,-12.4612635641409,0.00321542592268403,-7.29668062082744e-17,-1.57614046258914e-08,1.21028119792754e-06,1.21038382339352e-06,3.0
